Number;Peptide;GeneID;D_L15min;D_L2h;D_C2;L2h_L15min
1;R.AAPASPQKVEGSIS(+79.97)PASSVPPSAGDSWR.K;TGGT1_201680;1,609469884;-11,47387483;2,369338106;-12,73294468
2;R.SAS(+79.97)PAGFLGGSGAGGAASPGGEPK.A;TGGT1_202070;12,26961373;1,384172687;12,07603615;-0,237682836
3;R.KSGEKPGSAADS(+79.97)ADEDSPSR.G;TGGT1_203370;1,934560817;-10,66266838;2,158845073;-11,44828841
4;K.SSS(+79.97)AGTSFSLSR.G;TGGT1_203820;-1,620185994;-1,781375698;-12,61524646;-0,314700944
5;K.TTHLSPQES(+79.97)LC(+57.02)SR.A;TGGT1_205130;-1,984317717;0,278072734;-11,94190348;2,019336306
6;R.T(+79.97)LSHLGLEDVPPLGSR.G;TGGT1_205130;-1,725480571;-1,341093903;-2,411882058;-0,237748147
7;R.KREQGDS(+79.97)SPTQQGASDAK.A;TGGT1_205220;-1,309401606;-11,23341995;-1,928030728;-9,841826394
8;K.DGQTVFESQKS(+79.97)LTSTADFR.A;TGGT1_205320;-0,975300395;-0,298349973;-5,543277322;0,396678794
9;Q.TVFESQKS(+79.97)LTSTADFR.A;TGGT1_205320;-0,89283385;-0,267185292;-3,117049188;0,50637487
10;R.GEETGATC(+57.02)GDAS(+79.97)GAEEPQR.L;TGGT1_206450;11,3466984;-10,56446709;11,90851772;-11,3466984
11;K.NRQDSLS(+79.97)PGAAR.E;TGGT1_209850;8,535275377;10,76293564;8,919856487;2,227660267
12;R.LGS(+79.97)NPNFIPM(+15.99)GGASGPPR.R;TGGT1_209850;-0,542687682;-0,049609148;-1,968721119;0,156210947
13;R.S(+79.97)RGVPASSQGILR.F;TGGT1_211040;-1,717254997;-1,02372952;-11,42748745;0,061807136
14;R.S(+79.97)SSSNRDDTPLGSSALQNTKK.Q;TGGT1_211690;-0,39448915;-12,75119534;-12,77197084;-12,37748169
15;K.EAVPAQASVEAPTQDENSKDPPPLINHGFS(+79.97)R.Y;TGGT1_212210;-1,056732365;-0,792473545;-4,380875919;-0,036155062
16;K.T(+79.97)VSTDVGAATGDFESGM(+15.99);TGGT1_214220;-0,246635909;-0,097048537;-12,55658588;0,202872775
17;R.QAS(+79.97)EPC(+57.02)S(+79.97)PAHAPC(+57.02)SASR.S;TGGT1_214600;2,431462633;-10,63873758;0,249359469;-11,5286169
18;R.GQGTHLPGNAS(+79.97)PAS(+79.97)DSGLR.T;TGGT1_215260;4,791893681;0,982325713;-8,69464808;-0,439361033
19;R.RAS(+79.97)APASPAVLGEC(+57.02)TVDGR.S;TGGT1_216210;-0,796772307;-0,942579433;-13,76393851;-0,234928103
20;R.DTGPKLEDQDTTPGT(+79.97)PDGAPAR.S;TGGT1_218560;11,1126567;-0,034017374;11,7885824;-0,986382431
21;R.S(+79.97)KEFIAENKQENTETR.V;TGGT1_221610;-0,10665564;-1,070438085;-12,5811221;-0,791618146
22;R.HSLS(+79.97)AGS(+79.97)ASLGGGPGR.Q;TGGT1_222710;1,229912215;-0,233505391;-11,63072216;-0,900511742
23;R.DLFPNPPLSHM(+15.99)S(+79.97)SGFDDGELC(+57.02)AVR.D;TGGT1_223070;-1,535552397;-1,353267347;-15,18214861;-0,096530858
24;R.DTS(+79.97)TGVAPAVHLGEPTGEPESLAGR.K;TGGT1_223390;-1,159232387;-1,759901846;-14,50459143;-0,802407803
25;R.SSS(+79.97)SSLPVAVQQR.L;TGGT1_223620;-0,806751057;0,626378185;-4,920834383;1,221688394
26;K.EGYGS(+79.97)TEESPDENPQFPTLESR.G;TGGT1_225310;-0,320407172;-0,818118343;-3,727802126;-0,582357006
27;R.GDS(+79.97)LTGVAGASGEEEGAPSAGPGLFEK.A;TGGT1_225310;0,046546182;-0,216285416;-6,266333548;-0,132330582
28;R.S(+79.97)GSGINPVPPPTSAS(+79.97)FTER.M;TGGT1_225310;-1,559344905;1,560226661;-13,61857669;2,831491658
29;R.S(+79.97)RESGVLEGINTGFQTFVAGAK.E;TGGT1_225310;-1,086623109;-1,413836354;-14,79416199;-0,695438166
30;K.S(+79.97)LPVGDASM(+15.99)GAEAAR.G;TGGT1_225690;-0,950646074;0,507511613;-15,30721267;1,180419184
31;K.SDILS(+79.97)EPGVVDSEGK.V;TGGT1_225690;0,61312153;-1,34478575;0,19623736;-1,983515306
32;R.S(+79.97)SALWTGPEASQAVPPAR.T;TGGT1_225690;-0,208805813;2,134659535;-11,71610494;2,106298521
33;K.GTS(+79.97)SVAGLSQTTQQSASPLSPR.N;TGGT1_226220;0;11,90601369;0;11,90601369
34;R.LPEANAAKGT(+79.97)SSVAGLSQTTQQSASPLS(+79.97)PR.N;TGGT1_226220;10,10459875;3,401872605;11,66962328;2,53647456
35;R.TFNSSSS(+79.97)N(+.98)GLAAGSPGQNQQTGR.R;TGGT1_226250;-0,652782496;0,021446144;-1,466168826;0,518099525
36;R.QSS(+79.97)AQEGGFLGSPQDSR.A;TGGT1_226340;0,021861376;-1,292024112;-1,330311595;-1,136160458
37;R.YT(+79.97)RPPSEGAVPASGGEPSVR.S;TGGT1_226510;-0,288305622;-2,228464555;-3,964736246;-2,026569406
38;R.GDLS(+79.97)PSSSPETVPASR.G;TGGT1_226800;2,603054218;-11,18673329;4,488811125;-11,8181827
39;K.AGDAS(+79.97)GGRVS(+79.97)PSSTSSK.N;TGGT1_228120;0;9,368506462;11,07748336;9,368506462
40;R.SSS(+79.97)ASPAGGVDGTAAAAAGR.S;TGGT1_228340;-0,706836179;-0,333195446;-14,93898225;0,34112635
41;R.GSASDTSTPTS(+79.97)PLAK.Q;TGGT1_228770;-0,819532935;-0,859987292;-13,02542798;-0,311203573
42;R.IGT(+79.97)TETALS(+79.97)LLLAHADSSENPK.C;TGGT1_229640;0,110569778;-1,323570106;-12,9569206;-1,265377964
43;R.STS(+79.97)SEVSSDTAYFVSR.A;TGGT1_229640;-0,512935771;-5,034666931;-1,153712231;-4,448167885
44;R.LADHS(+79.97)EGDC(+57.02)ETSEGLSSDPDSQR.F;TGGT1_230590;-0,09723902;-12,57088348;-0,195568898;-12,34734454
45;R.VVGT(+79.97)GELSDPTAVQ(+.98)VAAVK.Q;TGGT1_231160;-9,59058705;3,138821267;-9,59058705;12,72940832
46;R.LESSQLS(+79.97)RSPS(+79.97)PQSSPQR.G;TGGT1_232190;0,724925211;-12,72728233;1,170979074;-13,56799567
47;K.SEDGSPC(+57.02)SEGS(+79.97)PSQSAADVDTR.A;TGGT1_232600;0,769079049;-11,67698548;0,597392866;-11,83539252
48;R.SSS(+79.97)AAGDVGDSSPSLTR.R;TGGT1_233160;-0,465495789;0,077121065;-2,041450661;0,545518047
49;R.S(+79.97)PFASPFLPVVGQDGSTK.I;TGGT1_234250;-0,981971073;-11,80345847;-0,941932323;-11,41168752
50;K.T(+79.97)GSDSESPGTQT(+79.97)SPR.M;TGGT1_234280;7,90488546;0;11,06631347;-7,90488546
51;K.QSAQNDERPPASFSS(+79.97)FTSAR.R;TGGT1_235160;-0,413396676;-0,857476738;-15,36760814;-0,404807807
52;R.GSPSLQHFST(+79.97)TVTSS(+79.97)SPR.Q;TGGT1_235340;-9,174093438;3,749791108;-9,174093438;12,92388455
53;R.EVVETEAQGAC(+57.02)M(+15.99)QLS(+79.97)PLESR.E;TGGT1_236930;-11,83670789;-0,274658164;-1,745272503;10,94471206
54;K.TSGC(+57.02)YS(+79.97)PLGDNSK.A;TGGT1_236970;0,404910251;-1,815552349;-12,88054013;-2,228135507
55;K.EGRLPASVS(+79.97)R.Q;TGGT1_238390;-1,355861226;-12,13496103;-12,35562639;-10,99976517
56;R.S(+79.97)TEWEPPFLDSR.L;TGGT1_239400;-0,960308265;0,805427473;-11,44311622;1,093833847
57;R.GGS(+79.97)SPTTKLPPTGAPAGGR.R;TGGT1_240280;-0,5199126;-0,108373401;-5,780590584;0,327544755
58;R.QGLS(+79.97)SDFGSANVVAGFDSPDR.T;TGGT1_240570;-0,413565476;-0,403395162;-5,475992185;-0,19478509
59;K.S(+79.97)LNASILPESEEDGDLYLR.E;TGGT1_240980;-0,28943544;0,427391094;-13,55206865;0,74850667
60;R.KNEQGDS(+79.97)FDF;TGGT1_242000;-0,457963379;-0,225194428;-11,23740916;0,277869097
61;R.GAENQLDS(+79.97)GM(+15.99)QS(+79.97)PR.A;TGGT1_243460;11,15755747;1,792395722;12,07380685;0,778221465
62;R.ATAQDAPFQQGES(+79.97)SPTTVEAPATTSLVPEQSS(+79.97)PR.G;TGGT1_243960;1,620719442;-12,48624844;4,135747168;-13,00568302
63;R.AAS(+79.97)PADTTPSSVAGETAC(+57.02)SSPPPSSM(+15.99)R.N;TGGT1_244460;-11,5766418;1,440140639;0,356680017;11,31307198
64;R.S(+79.97)LSQIATISDLNR.C;TGGT1_244500;-1,302947348;-0,552702137;-10,96650545;0,590289381
65;R.NALSPASLEVPDSLPLS(+79.97)PSSYR.T;TGGT1_244640;-0,21643373;-1,878865879;-14,32879178;-1,846645344
66;K.GAQAS(+79.97)VEFEDLEERASPGETR.R;TGGT1_244880;-11,41873108;-10,87983848;-0,949428443;0
67;R.GLSHGDSSGS(+79.97)PVHGDAVQR.S;TGGT1_246970;-1,236761628;-11,54801912;-2,718326542;-10,46930264
68;R.AIS(+79.97)GGDVAAAAPFVAR.N;TGGT1_247380;-1,098478025;-0,086816024;-11,10830664;0,867455516
69;R.RGT(+79.97)VAS(+79.97)LEDRS(+79.97)R.R;TGGT1_247450;-1,182158354;-0,582567986;-11,85369942;-0,08188992
70;K.AASQGDVQPSPLDEEKPVPSS(+79.97)PR.E;TGGT1_247600;-0,619830912;-0,754091557;1,270691129;-0,693010808
71;R.APS(+79.97)AVFHPSTS(+79.97)APAIC(+57.02)FPK.R;TGGT1_249390;-0,34514729;0,809053819;-16,23402528;0,989129006
72;R.HAS(+79.97)FSC(+57.02)YDGASGTSPSTTSGGSAGDLGAPVSR.S;TGGT1_249390;-0,859686641;-0,522588971;-4,942972589;0,095124356
73;R.TPEVSASTNS(+79.97)QDGNSDVC(+57.02)VDAETTR.C;TGGT1_249710;0,212287435;-0,383565636;-11,46028523;-0,307526127
74;R.NS(+79.97)PSVS(+79.97)APSTPAR.S;TGGT1_250820;10,02836655;0;13,57195011;-10,02836655
75;R.NLQASSSS(+79.97)PEKPEESPASR.A;TGGT1_251630;-0,97962383;0,656240186;-14,06824646;1,332938191
76;M.S(+79.97)DAEDVTFETADAGASHTYPM(+15.99)QAGAIK.K;TGGT1_251810;0;14,49212441;9,331663421;14,49212441
77;R.KAEEGDDALSALRPSSLLPS(+79.97)SLLLK.K;TGGT1_252430;-0,940973248;-13,54283036;-13,80483687;-12,86386362
78;R.LS(+79.97)TAPQEGQEDAPK.A;TGGT1_252880B;0,314098221;-0,161705835;-12,78497558;-0,409876577
79;R.VGS(+79.97)RGAEQSPLLPEVER.R;TGGT1_253640;-0,288805137;-12,40611641;-4,721784846;-12,20996098
80;R.SC(+57.02)AS(+79.97)C(+57.02)PLFLTPSSLK.Y;TGGT1_254090;-11,88582346;0,157134296;-2,753966494;11,3885555
81;R.GTAS(+79.97)PSVGEEGPPLSPQISPTGSAR.G;TGGT1_254370;0,566628459;-9,114609953;4,526726836;-9,681238412
82;R.M(+15.99)HSS(+79.97)ASASFAQDR.K;TGGT1_254420;-0,727321627;-2,282646995;-11,33557645;-1,502346313
83;R.S(+79.97)ADFSQAQQADVSASDDL;TGGT1_254490;-0,040761846;0,117676849;-2,665412063;0,193184376
84;K.Q(+.98)SISSQ(+.98)DSLLES(+79.97)PK.S;TGGT1_254870;-2,296156972;0,492338989;-11,63526466;2,270224982
85;K.QPQTLS(+79.97)AGAVESGR.V;TGGT1_256760;-2,274964058;-1,832588944;-14,39054965;-0,147038785
86;R.LVSASS(+79.97)VM(+15.99)TQQLGK.S;TGGT1_256760;-1,687008715;-0,363735688;-4,736651331;0,660386587
87;K.S(+79.97)ASAPLGM(+15.99)QNPPVLSILGNSTR.F;TGGT1_256980;-0,64380389;0,020510526;-2,967998232;0,606223162
88;R.SLPS(+79.97)GELDPEAIEEMQQLK.R;TGGT1_257350;1,820898446;-12,09594639;-2,636042222;-13,01791031
89;K.AQDS(+79.97)AVNKGAANTPPR.V;TGGT1_257530;-0,47420983;1,060817123;-3,5647495;1,301302737
90;K.EAT(+79.97)PQSVS(+79.97)FLR.K;TGGT1_258470;11,01146023;1,316360796;0;0,526890394
91;K.EATPQSVS(+79.97)FLR.K;TGGT1_258470;-0,956419259;1,571246411;-13,09138029;1,944162592
92;R.SLS(+79.97)ATPPER.R;TGGT1_258970;9,239200709;-9,239200709;10,83051521;-9,239200709
93;R.THAAIDS(+79.97)GVGEGTRSPVLSR.G;TGGT1_259200B;1,014646776;-12,6251761;0,401839886;-12,93313737
94;R.KAQENEYGNRGS(+79.97)FR.H;TGGT1_261440;-1,078774632;-4,939332824;-3,756538412;-4,117263685
95;R.EAAIM(+15.99)PSC(+57.02)AGPGQISHPPS(+79.97)PR.S;TGGT1_262390;0,384153699;-12,33994277;0,226261066;-12,2261111
96;R.RSDSS(+79.97)SESSLSLDSDAGLVAGSPHTPTPEK.A;TGGT1_262400;-1,996622387;-1,480303525;-3,434328125;0,422213687
97;R.FAS(+79.97)PVGGAC(+57.02)SEDAQAR.V;TGGT1_262990;0;9,203755832;11,75558308;9,203755832
98;R.SPES(+79.97)PQFALADKEGEGEK.H;TGGT1_263420;-1,200753333;-1,183857157;-2,607772887;-0,386486708
99;K.SQEEET(+79.97)GDGSASPASAGKK.E;TGGT1_265250;10,31929578;-2,764891691;12,23511671;-3,537936069
100;R.TFS(+79.97)DSATNEEQTAR.R;TGGT1_265280;-0,592379768;-1,326339491;-12,56930184;-1,024908903
101;K.LS(+79.97)SAEGPFLTAPSSSTGAVLTPNTGDSKPVDGK.V;TGGT1_265420;-1,219305205;0,760875822;-1,839135185;1,416849181
102;R.TASPGTAPATSAGYSSGYS(+79.97)PVR.Q;TGGT1_265530;-0,924465725;-0,872579112;-0,794161688;-0,179563895
103;R.LEQNALVLGSN(+.98)GSFS(+79.97)R.R;TGGT1_267100;-0,400510229;1,111342799;-11,43965776;0,88677773
104;R.VTGAAT(+79.97)AVAESSETS(+79.97)EKDEK.Q;TGGT1_268950;12,06933787;2,43106559;11,32624221;1,478721394
105;R.KSPAN(+.98)ASSTNGGS(+79.97)GAAAR.A;TGGT1_269180;-0,143224945;-3,492543767;-12,19567979;-3,346246642
106;R.QPSS(+79.97)ASSAGVPVGAVK.R;TGGT1_269990;-11,041431;-10,51274046;-11,041431;0
107;R.LFS(+79.97)NPEFAIDPTNPNFKK.T;TGGT1_271100;-1,347697063;-0,990982595;-11,98643464;-0,169434936
108;R.KHSS(+79.97)GLASSLSSDSPLGGENER.G;TGGT1_272550;-2,618138338;-12,5103521;-13,09082918;-10,47269084
109;K.SNQITIT(+79.97)NDKGRLSASEIDR.M;TGGT1_273760;-1,217550029;-4,537784213;-1,334634089;-3,460965965
110;R.S(+79.97)SC(+57.02)TTSFSSLGGVR.R;TGGT1_276170;-1,071785814;-2,350452178;-4,108613935;-1,61128147
111;R.S(+79.97)AGGIPSSPFHAATPANPGAAPPPR.T;TGGT1_277000;-1,376149306;-0,497466626;-4,990463831;0,741230519
112;R.LKPLATYC(+57.02)S(+79.97)VNNPEISFK.V;TGGT1_277270;-5,931627145;2,621318621;-3,832350042;7,963082521
113;R.TRPSRDSQ(+.98)ESQGGS(+79.97)ER.V;TGGT1_277850;-0,418391956;-2,065488055;-0,607493856;-2,019893963
114;R.SGS(+79.97)EASSFTEATEAVGC(+57.02)R.G;TGGT1_278800;11,16385929;-10,4419067;12,63125286;-11,16385929
115;R.GFPPS(+79.97)PTNR.A;TGGT1_278850;-0,750660491;-0,465359878;-2,401189465;0,110580427
116;K.ES(+79.97)LTVGSSTPTT(+79.97)PQM(+15.99)TFGTHK.R;TGGT1_278870;11,44828841;10,08702077;12,33622759;-1,361267642
117;R.QNDVPDSAGDTPGS(+79.97)PR.G;TGGT1_278940;0,143492062;-13,61474818;0,292864985;-13,71148774
118;R.DTEAGISM(+15.99)TDVSGDDDSS(+79.97)AR.H;TGGT1_279420;2,268528243;-11,17845737;-9,847057346;-12,11558559
119;R.AGDGETSS(+79.97)LPGAALPPAPGAPR.G;TGGT1_280660;-0,851253728;-0,236350971;-11,88582346;0,54992307
120;R.AKS(+79.97)GFKDDIYADR.I;TGGT1_280800;-11,38676066;1,248300016;-0,434747496;12,08934013
121;M.S(+79.97)GPEEDVSGEAASFGR.C;TGGT1_286240;12,22911922;-1,12666987;10,63571812;-2,735263771
122;R.SATIPRDT(+79.97)DPVAAVLDR.K;TGGT1_286590;0;11,07970699;0;11,07970699
123;K.ETS(+79.97)EAAEAGEVGEGSPPKR.L;TGGT1_287180;-2,882359191;-1,000608017;-12,77059507;1,546218599
124;R.NFVGSAGAS(+79.97)QPPSR.F;TGGT1_288030;-11,00912879;1,799263873;-11,00912879;11,85499821
125;K.IPT(+79.97)PVQEEVQ(+.98)SR.E;TGGT1_289310;3,974446816;-8,604862058;2,657408781;-9,865217746
126;R.TGNALSVSPVVS(+79.97)SERGGATVDPSPPLSAAGR.D;TGGT1_289570;-1,248474265;-1,22719445;-12,84699208;-0,65380575
127;R.GPSEQGPVS(+79.97)PGQEDDASASLGPHSR.E;TGGT1_289710;9,903379777;-0,402869818;12,10579941;-0,402869818
128;K.EAS(+79.97)LQEPLPTASESK.R;TGGT1_290170;-2,16318675;-10,70072869;-11,30359051;-9,140403757
129;K.DGTVQEFQ(+.98)GTS(+79.97)K.T;TGGT1_291930;0;10,78763053;0;10,78763053
130;R.GKGDEEAS(+79.97)GDEGASGGKEQPLGPPSGIPR.R;TGGT1_291960;-0,138893841;-1,642304509;-0,698122742;-1,78702613
131;R.YAS(+79.97)QM(+15.99)LQDAESAR.Q;TGGT1_293190;-2,134290961;1,424487142;-12,9844778;2,94453362
132;K.S(+79.97)FGASVALESTVR.G;TGGT1_294220;-10,58339623;-1,887676982;-10,58339623;8,005624549
133;R.S(+79.97)GSSVSAHGAQM(+15.99)VSPGFAR.R;TGGT1_294550;-0,478723902;-1,16448105;-5,74385141;-0,836291808
134;R.S(+79.97)SSPGSHLAPPSFDSLDGSSSSR.S;TGGT1_294630;-0,766014589;-1,872740853;-0,062720752;-1,235018959
135;K.KT(+79.97)GSAGASPVHGAGR.G;TGGT1_294640;-0,827070578;-12,40434329;-1,244077046;-11,55762325
136;R.LPS(+79.97)GTQPASLGSPLASSR.A;TGGT1_295710;-0,849049768;-0,790977198;-3,694123446;-0,044645289
137;R.SPGS(+79.97)AALT(+79.97)AVALPSSTTETPLR.E;TGGT1_296950;9,301496195;12,57876579;0;3,277269591
138;R.EGES(+79.97)GALEGEANEEGTLVTR.A;TGGT1_297330;-12,04108871;-11,4046094;-12,04108871;0
139;R.SVS(+79.97)SPSASEASVSETGNSR.E;TGGT1_299110;0,211606175;-0,041857438;-3,158418988;-0,20836988
140;R.SLS(+79.97)GAGNVM(+15.99)PAPEQESISSHHVHAPI;TGGT1_305140;-2,320829526;-11,72038678;-12,35837648;-10,03754695
141;R.TVSDKPAGAPFDAATTSDAQNLEVS(+79.97)R.S;TGGT1_305260;-0,399322035;0;4,881111115;-8,671246188
142;R.RDLS(+79.97)PSSLPASR.G;TGGT1_306540;9,820710832;11,44311622;9,627533884;1,62240539
143;R.KIPLTLPLPGS(+79.97)GEK.S;TGGT1_306660;-2,336125073;0,329548742;-10,94714987;1,972371429
144;K.VNPFGDDGDQS(+79.97)PR.A;TGGT1_308060;12,77677571;-0,313898086;13,23696092;-1,933116322
145;K.QAEEQAN(+.98)AS(+79.97)Q(+.98)S(+79.97)SETPAGENAEEPK.Q;TGGT1_308810B;-14,03138532;-13,40421022;-0,952734123;0
146;R.AAANGSEGGVAQS(+79.97)EQER.A;TGGT1_310010;11,41168752;11,70606427;11,93700593;0,294376749
147;R.ESGS(+79.97)AASPEKPANPEPAVPAAPVEKK.E;TGGT1_310420;-0,810434585;-14,7616378;-0,18635096;-14,293304
148;K.QGAGLQAPPS(+79.97)TPVR.A;TGGT1_311230;-1,980448904;-2,774657884;-11,08635741;-0,930982826
149;R.RLS(+79.97)QEELIAGVATPSR.Q;TGGT1_311230;-0,614366522;-1,427017815;-1,385154587;-0,691322936
150;R.RRPLS(+79.97)EGEGPPGGELEK.S;TGGT1_311230;0,994322803;-12,84307046;0,467619846;-13,08807047
151;R.SSALS(+79.97)ASKQTVAASAPPGAAGDETSATGAAEEASR.N;TGGT1_311360;-0,863134584;-2,224066517;-13,76393851;-1,55410553
152;K.NEAT(+79.97)INPTNTLFDVK.R;TGGT1_311720;10,39267519;-0,8210523;11,82217246;-1,733273855
153;R.SIGS(+79.97)EQGGDLVQTQ(+.98)QR.R;TGGT1_312100;9,613482541;11,66814631;9,883152386;2,054663774
154;R.ASAPVC(+57.02)GQ(+.98)PS(+79.97)AVAAR.R;TGGT1_312190;10,31929578;10,95686012;9,368506462;0,637564339
155;R.S(+79.97)FGAGGAPASNSANTGGAGGS(+79.97)QQTSR.R;TGGT1_313370;13,31877816;0,760160106;14,35197444;-0,532440452
156;R.C(+57.02)DS(+79.97)LQSVSPSR.L;TGGT1_313910;-0,293529267;-13,99650291;-1,979040903;-13,82154148
157;R.SQ(+.98)T(+79.97)LESTGVPQLSLAR.L;TGGT1_315750;12,54456202;1,387817283;12,22007597;-0,73573188
158;R.SFS(+79.97)PSLLC(+57.02)ESR.A;TGGT1_316620;0,770466893;-10,97847213;0,247549307;-11,6930513
159;R.KSGSSS(+79.97)LQNSIFGK.M;TGGT1_318570;-1,662101156;-1,584630541;-13,4301476;-0,267370517
160;R.S(+79.97)FDDPFLGLHQNSAK.V;TGGT1_318710;-0,228740786;-0,56961297;-5,938173713;-0,485214381
161;R.S(+79.97)SVSPNSAVDTAPLAGSSQGS(+79.97)RPAT(+79.97)AVDGVVPNK.Q;TGGT1_320020;2,876232504;-0,834217231;-10,68620869;-2,065088301
162;R.SSLLDVS(+79.97)GKEPADEDPRAPSPEVAV;TGGT1_320020;-0,369890031;-0,742330152;-0,422110934;-0,376623874
163;R.KSM(+15.99)EPASGVSSLQS(+79.97)R.E;TGGT1_320100;-1,02238258;0,726488837;-5,893336436;1,083366004
164;R.ASS(+79.97)SC(+57.02)GSVSGPVSQVR.A;TGGT1_320690;-0,533509388;-0,07340655;-12,64257824;0,487664456
165;R.VPASS(+79.97)T(+79.97)TTSASEGIFR.R;TGGT1_411430;9,733015322;1,562944888;9,669475648;1,562944888